{"train_losses": [0.5408413947400099, 0.3204837222188143, 0.0767978453826913, 0.015100845156636816, 0.006105464272201515, 0.0019643870284296906, 0.0028933793953533032, 0.0012193179167638846, 0.00040531567996304096, 0.019258658678388385], "val_losses": [0.41538474559783933, 0.2184277537054029, 0.07672038631632137, 0.08621670419410732, 0.0702489084687331, 0.07971684267749174, 0.07315464044586092, 0.09239195457803558, 0.09477788392167148, 1.139825653461414], "train_accuracies": [86.14516654008897, 88.06553108386677, 97.63480525116633, 99.69621351849842, 99.93490289682109, 99.97830096560703, 99.96745144841054, 99.97830096560703, 99.97830096560703, 99.80470869046327], "val_accuracies": [86.20988725065048, 95.14310494362533, 98.1786643538595, 98.438855160451, 99.08933217692974, 99.08933217692974, 99.13269731136167, 99.04596704249784, 99.08933217692974, 84.73547267996531]}