{"train_losses": [1.3431612410635319, 0.5391794732719097, 0.10869067200275033, 0.021717224150944396, 0.03301807764563699, 0.002210070407598769, 0.0008427805554468782, 0.00038729406411941865, 0.00026728408518589996, 0.00019648609814228038, 0.00015039375969381753, 0.00010865647619916758, 8.30651010844276e-05, 6.43250550466583e-05, 4.6304000505669036e-05, 3.3386894608396824e-05, 2.4239082408884024e-05, 1.7892331177850826e-05, 1.393430449177617e-05, 1.072713834399213e-05, 8.80370428063234e-06, 7.6218903355113995e-06, 6.601363542410221e-06, 5.7714725317226725e-06, 5.124175112636088e-06, 4.5863483213658055e-06, 4.2592221405974895e-06, 3.745873707451742e-06, 3.5271243763834306e-06, 3.149263014896011e-06, 2.904552411350006e-06, 2.684157878101754e-06, 2.4174666826179675e-06, 2.314239624387534e-06, 2.0759433315677014e-06, 1.920142605117561e-06, 1.7586932098475177e-06, 1.6387596726663148e-06, 1.520747542233703e-06, 1.4261882876688638e-06], "val_losses": [0.9432714758095918, 0.5551175193654166, 0.44753933180537486, 0.7474507089462821, 0.5462674885574315, 0.5221413459922014, 0.5534907785778934, 0.5855785640801683, 0.5961413222011523, 0.6085242874558188, 0.6106052108764373, 0.618436652822075, 0.6308181223877775, 0.6441281424744779, 0.6339127572826799, 0.6351937365128564, 0.636375139334834, 0.6269352144332111, 0.6449646412435902, 0.6477358394043188, 0.6451141437005221, 0.6456505518230928, 0.6554435413994791, 0.6584595123875059, 0.6635956689763892, 0.6675643873599323, 0.6667480410582761, 0.6721873666637866, 0.6738441463083426, 0.6699460996224608, 0.6809762840985732, 0.6816895980341037, 0.6854328083327682, 0.6881399097558946, 0.6925366086746146, 0.689512100301794, 0.6970268911973108, 0.6982016798701133, 0.6986507169108167, 0.7038191402448488], "train_accuracies": [43.07783719548426, 81.81818181818181, 96.85086155674391, 99.52465834818776, 99.46524064171123, 100.0, 100.0, 100.0, 100.0, 100.0, 100.0, 100.0, 100.0, 100.0, 100.0, 100.0, 100.0, 100.0, 100.0, 100.0, 100.0, 100.0, 100.0, 100.0, 100.0, 100.0, 100.0, 100.0, 100.0, 100.0, 100.0, 100.0, 100.0, 100.0, 100.0, 100.0, 100.0, 100.0, 100.0, 100.0], "val_accuracies": [56.02836879432624, 79.43262411347517, 86.28841607565012, 83.68794326241135, 87.47044917257683, 89.12529550827423, 88.4160756501182, 88.65248226950355, 88.88888888888889, 88.65248226950355, 88.65248226950355, 88.88888888888889, 88.65248226950355, 88.17966903073287, 88.88888888888889, 88.88888888888889, 88.65248226950355, 89.36170212765957, 88.4160756501182, 88.4160756501182, 89.12529550827423, 88.65248226950355, 88.4160756501182, 88.88888888888889, 88.65248226950355, 88.88888888888889, 89.12529550827423, 89.12529550827423, 89.12529550827423, 89.12529550827423, 89.36170212765957, 89.12529550827423, 89.36170212765957, 89.36170212765957, 89.36170212765957, 88.88888888888889, 88.88888888888889, 89.12529550827423, 88.88888888888889, 89.36170212765957]}