{"train_losses": [0.5475463174736254, 0.21963097274979734, 0.04689583076830992, 0.014819485612697242, 0.017446219679336215, 0.03019107816147028, 0.01247807980718679, 0.012208719217613852, 0.0027274503767458214, 0.0016124752654890647, 0.0019772568370939447, 0.02270334989264299, 0.004450140274329556, 0.0008946776807864836, 0.00043038295435723217, 0.0006636394905311709, 0.0046274212189199955, 0.05034304667672757, 0.002905683502375214, 0.003650280726186834], "val_losses": [0.35012288412143444, 0.16861361580226442, 0.23723352051481547, 0.1700592920716033, 0.1028110454084338, 0.10943202654357342, 0.11605501180386235, 0.12849082939948842, 0.13768286310816663, 0.12205445299071467, 0.09867445432041834, 0.11412359644499984, 0.1308564990993727, 0.16179917578975597, 0.15985322918120257, 0.1476622374403073, 0.5040395431123443, 0.19417195139642665, 0.2899283410912173, 0.2208193298657722], "train_accuracies": [85.89562764456981, 92.62232830639037, 98.80655310838668, 99.70706303569492, 99.68536400130195, 99.35987848540739, 99.82640772485624, 99.73961158728437, 99.95660193121407, 99.97830096560703, 99.96745144841054, 99.35987848540739, 99.90235434523164, 99.96745144841054, 99.97830096560703, 99.97830096560703, 99.83725724205273, 98.7197569708148, 99.91320386242812, 99.90235434523164], "val_accuracies": [87.5542064180399, 94.88291413703382, 95.01300954032958, 97.918473547268, 98.48222029488291, 98.04856895056375, 97.87510841283608, 98.52558542931483, 98.56895056374675, 98.959236773634, 98.87250650477017, 97.44145706851691, 98.56895056374675, 98.52558542931483, 98.52558542931483, 98.56895056374675, 95.66348655680832, 98.65568083261059, 98.22202948829141, 98.87250650477017]}