{"train_losses": [1.39072984175862, 0.8057779537619285, 0.24490487515785783, 0.04786523759918604, 0.006634059553038722, 0.002613459622859049, 0.002978094514403738, 0.0005247321359830785, 0.0003737781020356364, 0.00019623813621811283, 0.00014419458039930828, 0.00011358728381808005, 9.321912916074891e-05, 7.42866220447605e-05, 6.008660621550659e-05, 5.0006049210458274e-05, 4.00955519400565e-05, 3.3527977526524786e-05, 2.739954244082943e-05, 2.1068225670583246e-05, 1.6737761374967687e-05, 1.3549767785198643e-05, 1.0903098354730283e-05, 9.289128544604057e-06, 7.790668375474644e-06, 6.758551642564751e-06, 5.832212866178726e-06, 5.137082485550806e-06, 4.585851854163027e-06, 4.251612206447152e-06], "val_losses": [0.9834674133194817, 0.6472057070997026, 0.38469027548476503, 0.5080737298768427, 0.3885263349619453, 0.41270071304299766, 0.4390946542499242, 0.4617116186871297, 0.45244910129070004, 0.4810021424027919, 0.49481202405446245, 0.5067713293893676, 0.511667574708419, 0.5222770431579126, 0.5204066042443393, 0.5353057312356584, 0.5428057225955719, 0.5408320027140521, 0.5510305513463983, 0.5654013025449347, 0.5712976782168779, 0.5827186025411787, 0.5915358073694666, 0.5883475464372033, 0.5973548481092116, 0.6094829161075823, 0.6096660324148144, 0.6241945816059511, 0.6186406552754946, 0.6271456921596028], "train_accuracies": [37.49257278669043, 67.9144385026738, 92.21628045157458, 99.04931669637551, 99.88116458704694, 99.94058229352348, 100.0, 100.0, 100.0, 100.0, 100.0, 100.0, 100.0, 100.0, 100.0, 100.0, 100.0, 100.0, 100.0, 100.0, 100.0, 100.0, 100.0, 100.0, 100.0, 100.0, 100.0, 100.0, 100.0, 100.0], "val_accuracies": [50.8274231678487, 73.28605200945627, 86.52482269503547, 86.52482269503547, 88.88888888888889, 87.94326241134752, 89.12529550827423, 89.36170212765957, 90.0709219858156, 89.59810874704492, 89.59810874704492, 89.59810874704492, 89.59810874704492, 89.59810874704492, 89.83451536643027, 89.59810874704492, 88.88888888888889, 88.65248226950355, 88.88888888888889, 89.12529550827423, 88.65248226950355, 88.65248226950355, 89.12529550827423, 88.65248226950355, 88.65248226950355, 88.65248226950355, 88.4160756501182, 88.65248226950355, 87.94326241134752, 87.94326241134752]}