{"train_losses": [1.101238179419722, 1.0993306721959795, 1.0990773024303573, 1.0991398617625237, 1.0992003381252289, 1.096590826553958, 1.0990091658064298, 1.0984143891504832, 1.1005446910858154, 1.0986507024083818], "val_losses": [1.0994978456786184, 1.0986307606552586, 1.098620461695122, 1.0987181808009292, 1.0982666629733462, 1.0986276720509385, 1.0986302693684895, 1.099641619306622, 1.0986149636181919, 1.098613699277242], "train_accuracies": [33.40819764177429, 32.1729365524986, 31.10612015721505, 32.846715328467155, 32.73441886580573, 36.32790567097136, 33.01516002245929, 33.9135317237507, 33.239752947782144, 33.68893879842785], "val_accuracies": [32.95238095238095, 32.95238095238095, 32.95238095238095, 33.333333333333336, 34.476190476190474, 36.95238095238095, 32.95238095238095, 37.904761904761905, 33.523809523809526, 33.523809523809526]}