{"train_losses": [1.1026540004781313, 0.9881874977477959, 0.8149330743721553, 0.587117255931454, 0.3724467620652701, 0.2584083014766553, 0.15039367434552073, 0.11911652945335456, 0.06605461796633401, 0.056341364330624595, 0.04680866289943099, 0.04548088806872589, 0.02090352605459397, 0.027605636577878352, 0.028771653313875895, 0.02354933300502385, 0.031647519487218494, 0.0227570049449733, 0.028015370646902023, 0.028591717379819265], "val_losses": [1.0690903880379417, 0.8723026766921534, 0.6123931543393568, 0.41836154415751947, 0.28560783702767256, 0.19563254589835802, 0.18092994322774536, 0.1315592835008195, 0.21117216786352042, 0.24091983584543358, 0.20363326448530256, 0.17344993490802485, 0.12651496282143687, 0.14102810465776588, 0.11495578119612412, 0.18834472498615054, 0.14795234570771176, 0.23580082252091775, 0.16112855938208118, 0.31973707788710576], "train_accuracies": [36.72094329028636, 48.28747894441325, 61.706906232453676, 76.08085345311623, 85.73834924199888, 90.73554183043234, 95.45199326221224, 96.23806850084222, 97.69792251544077, 98.42784952274003, 98.54014598540147, 98.7085906793936, 99.38236945536215, 99.21392476137002, 99.27007299270073, 99.38236945536215, 99.04548006737788, 99.1577765300393, 98.76473891072432, 99.27007299270073], "val_accuracies": [42.857142857142854, 59.04761904761905, 74.66666666666667, 84.19047619047619, 90.47619047619048, 94.66666666666667, 94.85714285714286, 96.76190476190476, 95.61904761904762, 96.57142857142857, 96.95238095238096, 96.95238095238096, 97.33333333333334, 97.14285714285714, 97.33333333333334, 97.52380952380952, 97.14285714285714, 96.57142857142857, 97.14285714285714, 95.61904761904762], "precision": [0.6154471760797343, 0.5964626584688697, 0.7666554163446434, 0.8447638186124345, 0.9072629538705677, 0.9473828453272459, 0.9509642751995694, 0.9681196634954009, 0.9561066246736117, 0.9671702423986355, 0.9702132946123131, 0.9705075990918688, 0.9736977910992725, 0.9724594214337188, 0.9735855921580133, 0.9759544279514805, 0.9723145609956395, 0.9673647925829074, 0.9719215671180106, 0.9584508999507255], "recall": [0.42857142857142855, 0.5904761904761905, 0.7466666666666667, 0.8419047619047619, 0.9047619047619048, 0.9466666666666667, 0.9485714285714286, 0.9676190476190476, 0.9561904761904761, 0.9657142857142857, 0.9695238095238096, 0.9695238095238096, 0.9733333333333334, 0.9714285714285714, 0.9733333333333334, 0.9752380952380952, 0.9714285714285714, 0.9657142857142857, 0.9714285714285714, 0.9561904761904761], "f1_score": [0.3650733280795398, 0.5910768403023137, 0.748738365980687, 0.8414505208637472, 0.9042117903127682, 0.9465397562121098, 0.9481123146218399, 0.9675112254546907, 0.9559462972962325, 0.9655580282228848, 0.9694393355757306, 0.9694580755348767, 0.9733486051644453, 0.9712345911337508, 0.9732482723602915, 0.9752027785194284, 0.9713424204708627, 0.9655160975480719, 0.9713682200529821, 0.9557943885419726]}