{"train_losses": [0.41379342968169586, 0.27445630750714856, 0.1316767362844107, 0.04874738862045421, 0.019118693183847117, 0.01492145277430529, 0.00713846255707101, 0.012664393201051378, 0.009237909719578857, 0.001362750890159902], "val_losses": [0.3451192639102893, 0.3230824293735038, 0.29398716582051876, 0.38373346157017557, 0.6473816424323015, 0.7172093110821801, 0.81511843224819, 0.7363813756198202, 0.6189893954775211, 0.7642271821129855], "train_accuracies": [90.89750849377124, 91.47083805209513, 95.80973952434881, 98.50651189127973, 99.44790486976217, 99.61778029445074, 99.7876557191393, 99.64609286523216, 99.74518686296716, 99.9504530011325], "val_accuracies": [90.9502262443439, 91.8552036199095, 91.6289592760181, 92.53393665158372, 91.8552036199095, 92.0814479638009, 91.7420814479638, 92.0814479638009, 91.8552036199095, 93.21266968325791], "precision": [0.827194365389734, 0.9252463893882106, 0.9039890002441351, 0.9155514609175751, 0.9046981024902191, 0.9069592277096986, 0.9007905645200239, 0.9022977439748403, 0.9069973168816567, 0.924027262726953], "recall": [0.9095022624434389, 0.918552036199095, 0.916289592760181, 0.9253393665158371, 0.918552036199095, 0.920814479638009, 0.917420814479638, 0.920814479638009, 0.918552036199095, 0.9321266968325792], "f1_score": [0.8663978898157877, 0.8862092423892235, 0.9075405816923351, 0.9178582324078424, 0.906179359644568, 0.9083795771356041, 0.9065196755389748, 0.9063668988212598, 0.910404468914609, 0.9164636968062136]}