{"train_losses": [0.702081411865586, 0.19136314894607726, 0.03349959791277978, 0.010953612747484099, 0.011590312103161271, 0.026006880079760177, 0.024938457400054202, 0.009353660332983944, 0.002834272326131439, 0.0011737911032648125], "val_losses": [0.5686287160430635, 0.6178172850183078, 0.7622860854225499, 0.8629773763673646, 0.9945609705788748, 1.0421566205365318, 1.2631791421345302, 1.9074290770505156, 1.54279860747712, 1.50259377935103], "train_accuracies": [68.52181656277827, 93.32146037399822, 99.19857524487979, 99.64381121994657, 99.59928762243989, 99.19857524487979, 99.33214603739982, 99.86642920747997, 99.95547640249332, 99.95547640249332], "val_accuracies": [68.92857142857143, 73.39285714285714, 70.53571428571429, 68.57142857142857, 68.57142857142857, 70.17857142857142, 62.32142857142857, 67.5, 69.46428571428571, 69.82142857142857], "precision": [0.6965979545334111, 0.7509887643524791, 0.7103173048033337, 0.6859514687100894, 0.6884936046812697, 0.702097625161282, 0.6363809631376092, 0.6994301994301994, 0.6973845895150754, 0.6991312036289546], "recall": [0.6892857142857143, 0.7339285714285714, 0.7053571428571429, 0.6857142857142857, 0.6857142857142857, 0.7017857142857142, 0.6232142857142857, 0.675, 0.6946428571428571, 0.6982142857142857], "f1_score": [0.6863694300318008, 0.7293290643622008, 0.7036096115168836, 0.6856140350877193, 0.684551471623715, 0.7016706063245066, 0.6138953243298881, 0.6647324306898775, 0.693578786026732, 0.6978664853354786]}