{"train_losses": [0.47103165275380143, 0.1438686328950585, 0.030779251084596067, 0.013485075772438807, 0.013392621279952017, 0.019069090257538692, 0.009074411103653812, 0.010603277810911534, 0.02392913426460934, 0.014804934670441026, 0.008571292247833625, 0.002710481055307176, 0.0011418865366701987, 0.0008333507847591192, 0.0008555280213294694, 0.0004338249522964223, 0.000538721654171434, 0.0008594129870633346, 0.07807598546274373, 0.00366211832521727, 0.00042393588147731417, 0.0008150812189759981, 0.0005972461061474161, 0.00040271668486464916, 0.00044374070086739475, 0.00040299907358993994, 0.0013864743672786434, 0.0036426124884716324, 0.0333358264391239, 0.003158685528655185], "val_losses": [0.2682980880237602, 0.12826683883683693, 0.1260149090006225, 0.119964800180447, 0.12087894918162231, 0.0878680676727997, 0.11022629239410175, 0.09574719152547788, 0.0999582479238719, 0.10342261510406137, 0.12213557521353988, 0.09468183278145026, 0.09129455639226125, 0.09384447707163471, 0.1008902778668861, 0.10706427280891899, 0.10943499461728055, 0.13871967445299233, 0.15021155561994812, 0.15921408371769838, 0.1720785816405824, 0.1521771460239735, 0.16583360700591443, 0.1733748994592797, 0.1823953619700318, 0.19638311779546938, 0.15707751245979934, 1.1922137385184304, 0.19153788480858466, 0.1866224009710382], "train_accuracies": [86.60084626234132, 95.2370619507432, 99.18628621026365, 99.69621351849842, 99.65281544971249, 99.62026689812303, 99.88065531083866, 99.82640772485624, 99.47922317456873, 99.69621351849842, 99.76131062167734, 99.94575241401758, 99.95660193121407, 99.97830096560703, 99.97830096560703, 99.95660193121407, 99.96745144841054, 99.97830096560703, 98.43766952370619, 99.90235434523164, 99.97830096560703, 99.96745144841054, 99.97830096560703, 99.96745144841054, 99.97830096560703, 99.97830096560703, 99.97830096560703, 99.94575241401758, 99.34902896821092, 99.95660193121407], "val_accuracies": [90.58976582827407, 96.70424978317433, 97.918473547268, 98.30875975715524, 97.78837814397225, 98.6990459670425, 98.82914137033825, 98.52558542931483, 98.09193408499566, 98.56895056374675, 98.82914137033825, 99.17606244579358, 98.959236773634, 99.13269731136167, 99.04596704249784, 98.87250650477017, 99.08933217692974, 98.438855160451, 97.26799653078925, 99.2194275802255, 99.2194275802255, 99.17606244579358, 99.26279271465742, 99.26279271465742, 99.30615784908933, 99.2194275802255, 99.13269731136167, 94.10234171725932, 98.48222029488291, 98.6990459670425]}