{"train_losses": [1.2555699412311827, 0.4045515116304159, 0.14013453566336206, 0.01253148407678444, 0.0018067526813345986], "val_losses": [0.6469814822529302, 0.28424638893568155, 0.2664588221937954, 0.1040478205375786, 0.10704240379455962], "train_accuracies": [48.68051656372824, 85.56990454800673, 96.5749578888265, 99.88770353733858, 100.0], "val_accuracies": [75.04761904761905, 93.33333333333333, 92.0, 96.76190476190476, 96.57142857142857]}