{"train_losses": [1.1011814177036285, 1.0903229974210262, 1.026706242667777, 0.9352749772369862, 0.741740456117051, 0.5119038329326681, 0.3330467835725618, 0.19888737233954348, 0.144994599295647, 0.10067819769444343], "val_losses": [1.0917349656422932, 1.0262565486358874, 0.9953304312445901, 0.8270644789392297, 0.6111158525401895, 0.4589581715338158, 0.30003393147930957, 0.26152084842606477, 0.19757677673249308, 0.15706190212883733], "train_accuracies": [34.980348119034254, 38.23694553621561, 44.41325098259405, 52.667040988208875, 67.49017405951713, 81.0780460415497, 88.77035373385738, 93.20606400898372, 95.39584503088153, 96.40651319483436], "val_accuracies": [32.95238095238095, 44.761904761904766, 47.23809523809524, 63.61904761904762, 76.19047619047619, 84.76190476190476, 89.71428571428571, 92.0, 93.33333333333333, 95.04761904761905], "precision": [0.10858594104308389, 0.3407965367965368, 0.5437266620742175, 0.6441022377614898, 0.7987147190101416, 0.85094821790016, 0.9029136378360868, 0.9205150176265763, 0.9360139190475469, 0.9513191416961908], "recall": [0.3295238095238095, 0.44761904761904764, 0.4723809523809524, 0.6361904761904762, 0.7619047619047619, 0.8476190476190476, 0.8971428571428571, 0.92, 0.9333333333333333, 0.9504761904761905], "f1_score": [0.16334561331696004, 0.34900978358136076, 0.39658938501711516, 0.6366461362867705, 0.7574898330842773, 0.845770967050822, 0.8964985106183435, 0.91936931583106, 0.9326557762550477, 0.9502136978372954]}