{"train_losses": [0.4485898675350944, 0.07829095676650803, 0.02649867027474969, 0.01866732721369778, 0.020364205760207962, 0.006132599731868272, 0.014538466167156117, 0.004468894555325786, 0.002376319027579754, 0.0007840738746627893, 3.749893327294688e-05, 6.690077699329894e-06, 3.315666407546616e-06, 1.860144630071646e-06, 1.0979893871115683e-06, 6.644036375112927e-07, 3.991523848873068e-07, 2.4232087342226234e-07, 1.5035114900617157e-07, 9.347124181269823e-08], "val_losses": [0.1420082613825798, 0.2670634286478162, 0.10898414227121975, 0.3250799559056759, 0.527222566655837, 0.21217374564148486, 0.16189322432037442, 0.2677398125873879, 0.2786437729140744, 0.25619416364934294, 0.26523601011140274, 0.2821008490398526, 0.3056129377204343, 0.30701366898138077, 0.31425747131870596, 0.32942692379292565, 0.3389110232183157, 0.3341635471831978, 0.342081997740479, 0.34177390884078707], "train_accuracies": [82.22425436128306, 97.30585256049521, 99.148846370287, 99.3458075407991, 99.33173888576252, 99.7960045019696, 99.57090602138436, 99.85931344963421, 99.92965672481711, 99.97889701744514, 100.0, 100.0, 100.0, 100.0, 100.0, 100.0, 100.0, 100.0, 100.0, 100.0], "val_accuracies": [93.75, 92.5, 95.0, 91.25, 92.5, 93.75, 96.25, 93.75, 92.5, 92.5, 92.5, 93.75, 93.75, 93.75, 93.75, 93.75, 93.75, 93.75, 93.75, 93.75], "precision": [0.9444444444444444, 0.9292929292929293, 0.9545454545454545, 0.925531914893617, 0.9292929292929293, 0.9399748585795098, 0.962789243277048, 0.9399748585795098, 0.9292929292929293, 0.9292929292929293, 0.9292929292929293, 0.9399748585795098, 0.9399748585795098, 0.9399748585795098, 0.9399748585795098, 0.9399748585795098, 0.9399748585795098, 0.9399748585795098, 0.9399748585795098, 0.9399748585795098], "recall": [0.9375, 0.925, 0.95, 0.9125, 0.925, 0.9375, 0.9625, 0.9375, 0.925, 0.925, 0.925, 0.9375, 0.9375, 0.9375, 0.9375, 0.9375, 0.9375, 0.9375, 0.9375, 0.9375], "f1_score": [0.9372549019607843, 0.9248120300751879, 0.949874686716792, 0.9118249094630766, 0.9248120300751879, 0.9374119856047567, 0.9624941397093295, 0.9374119856047567, 0.9248120300751879, 0.9248120300751879, 0.9248120300751879, 0.9374119856047567, 0.9374119856047567, 0.9374119856047567, 0.9374119856047567, 0.9374119856047567, 0.9374119856047567, 0.9374119856047567, 0.9374119856047567, 0.9374119856047567]}