{"train_losses": [2.1016099407987774, 0.6846537384784447, 0.1877912567436414, 0.03570545616752978, 0.030124639702372183, 0.00792058135966555, 0.0007795742064256458, 0.0004024973689771492, 0.00028089654188079294, 0.0002067318856495818], "val_losses": [0.8945631627683286, 0.7360397657310521, 0.43013804474914513, 0.3942431165077896, 0.4817706507941087, 0.4654209907360685, 0.47940056719192026, 0.501296980844388, 0.5007649120126627, 0.5087384723490147], "train_accuracies": [41.47355912061794, 71.36066547831254, 93.93939393939394, 99.70291146761735, 99.16815210932857, 99.88116458704694, 100.0, 100.0, 100.0, 100.0], "val_accuracies": [57.91962174940898, 70.2127659574468, 85.57919621749409, 89.59810874704492, 87.23404255319149, 88.17966903073287, 88.4160756501182, 88.65248226950355, 89.36170212765957, 89.12529550827423]}