{"train_losses": [1.712525044972042, 0.9066257108494921, 0.27689603394565154, 0.04804330875104258, 0.0068653480126193, 0.0013008186223024101, 0.0005507506022077682, 0.000328558291447786, 0.00017395553539862926, 0.00010560908680726809, 7.361795521645481e-05, 5.06196361000994e-05, 3.7078173861273e-05, 2.947968684935095e-05, 2.366462301092982e-05, 1.945423366149318e-05, 1.6133064959059032e-05, 1.3661359355195737e-05, 1.1629301973629961e-05, 9.798401961534353e-06], "val_losses": [1.0835802952448528, 0.6997984912660387, 0.39433830493578204, 0.496802556173255, 0.43486553735824096, 0.4491025598254055, 0.45660321563654754, 0.46104546564553556, 0.4740252756369214, 0.4828718269935861, 0.46924217363724624, 0.47333900812049656, 0.47171953596019495, 0.48512321932206826, 0.5030898244655907, 0.4843997344381663, 0.49017694500394604, 0.491286277135293, 0.503761251799814, 0.5111266022641858], "train_accuracies": [33.8680926916221, 59.35828877005348, 91.14676173499703, 99.04931669637551, 100.0, 100.0, 100.0, 100.0, 100.0, 100.0, 100.0, 100.0, 100.0, 100.0, 100.0, 100.0, 100.0, 100.0, 100.0, 100.0], "val_accuracies": [39.479905437352244, 72.34042553191489, 88.4160756501182, 87.94326241134752, 90.0709219858156, 90.30732860520095, 90.0709219858156, 91.48936170212765, 90.78014184397163, 90.78014184397163, 91.48936170212765, 91.725768321513, 91.48936170212765, 91.48936170212765, 90.78014184397163, 91.48936170212765, 91.25295508274232, 91.48936170212765, 91.48936170212765, 91.25295508274232]}